<?xml version="1.0" encoding="UTF-8"?>
<!DOCTYPE beans PUBLIC "-//SPRING//DTD BEAN//EN" "http://www.springframework.org/dtd/spring-beans.dtd">


<beans default-autowire="autodetect" default-lazy-init="false" default-dependency-check="none">
	<!-- 配置数据库连接属性，这里采用mysql5 -->
	<bean id="dataSource"
		class="com.mchange.v2.c3p0.ComboPooledDataSource">
		<property name="driverClass" value="com.mysql.jdbc.Driver" />
		<property name="jdbcUrl"
			value="jdbc:mysql://localhost:3306/jsdemo?useUnicode=true&amp;characterEncoding=UTF-8" />
		<property name="user" value="root" />
		<property name="password" value="123456" />
		<property name="maxPoolSize" value="50"></property>
		<property name="minPoolSize" value="1"></property>
		<property name="initialPoolSize" value="1"></property>
		<property name="maxIdleTime" value="20000"></property>
	</bean>

	<!-- 事务管理器 -->
	<bean id="transactionManager"
		class="org.springframework.jdbc.datasource.DataSourceTransactionManager">
		<property name="dataSource">
			<ref local="dataSource" />
		</property>
	</bean>

	<!-- 事务代理拦截器的配置 -->
	<bean id="baseTransactionProxy" abstract="true"
		class="org.springframework.transaction.interceptor.TransactionProxyFactoryBean">
		<property name="transactionManager">
			<ref bean="transactionManager" />
		</property>
		<property name="transactionAttributes">
			<props>
				<prop key="insert*">PROPAGATION_REQUIRED</prop>
				<prop key="update*">PROPAGATION_REQUIRED</prop>
				<prop key="delete*">PROPAGATION_REQUIRED</prop>
				<prop key="*">PROPAGATION_REQUIRED,readOnly</prop>
			</props>
		</property>
	</bean>

	<!-- ibatis sqlMapClient 配置 -->
	<bean id="sqlMapClient"
		class="org.springframework.orm.ibatis.SqlMapClientFactoryBean">
		<property name="configLocation">
			<value>/WEB-INF/sqlMapConfig.xml</value>
		</property>
		<property name="dataSource">
			<ref bean="dataSource" />
		</property>
	</bean>

	<!-- dao配置 -->
	<bean id="bookDao" class="mydemo.dao.BookDaoImpl">
		<property name="sqlMapClient">
			<ref bean="sqlMapClient" />
		</property>
	</bean>

	<!-- 事务的管理类 -->
	<bean id="bookService" parent="baseTransactionProxy" autowire="no">
		<property name="target">
			<bean class="mydemo.service.BookServiceImpl">
				<property name="bookDao">
					<ref bean="bookDao" />
				</property>
			</bean>
		</property>
	</bean>

	<!-- 对应struts中的action -->
	<bean id="viewAction" class="mydemo.action.ViewAction">
		<property name="bookService">
			<ref bean="bookService" />
		</property>
	</bean>
	
	<bean id="DetailAction" class="mydemo.action.DetailAction">
		<property name="bookService">
			<ref bean="bookService" />
		</property>
	</bean>
</beans>
