<?xml version='1.0' encoding='UTF-8' ?>
<portlet-app xmlns='http://java.sun.com/xml/ns/portlet/portlet-app_1_0.xsd'
	xmlns:xsi='http://www.w3.org/2001/XMLSchema-instance'
	xsi:schemaLocation='http://java.sun.com/xml/ns/portlet/portlet-app_1_0.xsd http://java.sun.com/xml/ns/portlet/portlet-app_1_0.xsd'
	version='1.0' id='PortletDevelopDemo'>
	<portlet id="myhelloworld-id">
		<portlet-name>myhelloworld-portlet-name</portlet-name>
		<display-name>my helloworld portlet-display-name</display-name>
		<portlet-class>mydemo.portlet.HelloWorld</portlet-class>
		<supports>
			<mime-type>text/html</mime-type>
			<portlet-mode>VIEW</portlet-mode>
		</supports>
		<portlet-info>
			<title>my hello world-title</title>
			<short-title>my hello world-short-title</short-title>
			<keywords>my,hello,world</keywords>
		</portlet-info>
	</portlet>

	<portlet id="ssidemo">
		<portlet-name>ssidemo</portlet-name>
		<display-name>struts+spring+ibatis example portlet</display-name>

		<!--
			portlet类必须指向org.apache.struts2.portlet.dispatcher.Jsr168Dispatcher，提供Struts2支持
		-->
		<portlet-class>org.apache.struts2.portlet.dispatcher.Jsr168Dispatcher</portlet-class>

		<!-- 定义view模式的namespace，对应struts2配置文件中的namespace -->
		<init-param>
			<name>viewNamespace</name>
			<value>/myview</value>
		</init-param>

		<!-- 定义view模式中的默认Action -->
		<init-param>
			<name>defaultViewAction</name>
			<value>index</value>
		</init-param>

        <expiration-cache>0</expiration-cache>
		<supports>
			<mime-type>text/html</mime-type>
			<portlet-mode>VIEW</portlet-mode>
		</supports>
		<portlet-info>
			<title>struts+spring+ibatis example portlet</title>
			<short-title>ssidemo</short-title>
			<keywords>my,struts,spring,ibatis,example,portlet</keywords>
		</portlet-info>
	</portlet>

	<portlet id="connectionlist">
		<portlet-name>connectionlist</portlet-name>
		<display-name>connectionlist</display-name>

		<portlet-class>mydemo.portlet.ConnectionPortlet</portlet-class>

		<!-- 定义view模式的namespace，对应与struts2配置文件中的namespace -->
		<init-param>
			<name>viewNamespace</name>
			<value>/myview</value>
		</init-param>

		<!-- 定义view模式中的默认Action -->
		<init-param>
			<name>defaultViewAction</name>
			<value>list</value>
		</init-param>

		<supports>
			<mime-type>*/*</mime-type>
			<portlet-mode>VIEW</portlet-mode>
		</supports>
		<portlet-info>
			<title>connectionlist</title>
			<short-title>connectionlist</short-title>
			<keywords>connection,list,portlet</keywords>
		</portlet-info>
	</portlet>
	<portlet id="connectiondetail">
		<portlet-name>connectiondetail</portlet-name>
		<display-name>connectiondetail</display-name>

		<portlet-class>org.apache.struts2.portlet.dispatcher.Jsr168Dispatcher</portlet-class>

		<!-- 定义view模式的namespace，对应与struts2配置文件中的namespace -->
		<init-param>
			<name>viewNamespace</name>
			<value>/myview</value>
		</init-param>

		<!-- 定义view模式中的默认Action -->
		<init-param>
			<name>defaultViewAction</name>
			<value>connectionDetail</value>
		</init-param>

		<supports>
			<mime-type>*/*</mime-type>
			<portlet-mode>VIEW</portlet-mode>
		</supports>
		<portlet-info>
			<title>connectiondetail</title>
			<short-title>connectiondetail</short-title>
			<keywords>connection,portlet,detail</keywords>
		</portlet-info>
	</portlet>
	<portlet id="LoadJSPByConfigPath">
		<portlet-name>LoadJSPByConfigPath</portlet-name>
		<display-name>LoadJSPByConfigPath portlet</display-name>
		<portlet-class>mydemo.portlet.LoadJSPByConfigPath</portlet-class>
		<supports>
			<mime-type>text/html</mime-type>
			<portlet-mode>VIEW</portlet-mode>
			<portlet-mode>EDIT</portlet-mode>
		</supports>
		<portlet-info>
			<title>LoadJSPByConfigPath</title>
			<short-title>LoadJSPByConfigPath</short-title>
			<keywords>LoadJSPByConfigPath</keywords>
		</portlet-info>
	</portlet>

	<portlet id="Struts2BookmarkDemoPortlet">
		<description xml:lang="EN">Simple Struts2BookmarkDemo portlet</description>
		<portlet-name>Struts2BookmarkDemoPortlet</portlet-name>
		<display-name xml:lang="EN">Struts2-BookmarkDemo-portlet</display-name>

		<portlet-class>org.apache.struts2.portlet.dispatcher.Jsr168Dispatcher</portlet-class>

		<!-- The namespace for the actions configured for view mode -->
		<init-param>
			<name>viewNamespace</name>
			<value>/view</value>
		</init-param>

		<!-- The default action to invoke in view mode. -->
		<init-param>
			<name>defaultViewAction</name>
			<value>index</value>
		</init-param>

		<!-- The namespace for the actions configured for edit mode -->
		<init-param>
			<name>editNamespace</name>
			<value>/edit</value>
		</init-param>

		<!-- The default action to invoke in edit mode. -->
		<init-param>
			<name>defaultEditAction</name>
			<value>index</value>
		</init-param>

		<expiration-cache>0</expiration-cache>

		<supports>
			<mime-type>text/html</mime-type>
			<portlet-mode>view</portlet-mode>
			<portlet-mode>edit</portlet-mode>
		</supports>

		<supported-locale>en</supported-locale>

		<portlet-info>
			<title>Struts2BookmarkDemoPortlet</title>
			<short-title>Struts2BookmarkDemoPortlet</short-title>
			<keywords>Struts2,bookmark,demo</keywords>
		</portlet-info>
	</portlet>
</portlet-app>
