<?xml version="1.0" encoding="UTF-8" ?>
<!DOCTYPE struts PUBLIC
    "-//Apache Software Foundation//DTD Struts Configuration 2.0//EN"
    "http://struts.apache.org/dtds/struts-2.0.dtd">

<struts>
	<!-- package的namespace属性必须与portlet.xml中view模式的namespace相对应；package必须继承自struts-portlet-default -->
	<package name="myview" extends="struts-portlet-default"
		namespace="/myview">
		<!-- action的class对应的是spring的bean -->
		<action name="index" class="viewAction" method="listIds">
			<result name="success">/jsp/struts2_spring_ibatis/view/listIds.jsp</result>
		</action>
		
		<action name="detail" class="DetailAction">
		    <!--<result name="input">/jsp/struts2_spring_ibatis/view/index.jsp</result>-->
			<result name="success">/jsp/struts2_spring_ibatis/view/detail.jsp</result>
		</action>
		
		<action name="list" class="viewAction">
			<result name="success">/jsp/struts2_spring_ibatis/view/listAll.jsp</result>
		</action>
		
		<action name="connectionDetail" class="com.opensymphony.xwork2.ActionSupport">
			<result name="success">/jsp/struts2_spring_ibatis/view/connection.jsp</result>
		</action>
	</package>
</struts>
