<?xml version="1.0" encoding="UTF-8" ?>
<!DOCTYPE struts PUBLIC
    "-//Apache Software Foundation//DTD Struts Configuration 2.0//EN"
    "http://struts.apache.org/dtds/struts-2.0.dtd">

<struts>
	<package name="view" extends="struts-portlet-default"
		namespace="/view">
		<action name="index" class="struts2bookmarkdemo.action.ListBookmarksAction">
			<result name="success">/jsp/struts2bookmarkdemo/view/index.jsp
			</result>
		</action>
		<action name="editBookmark" class="struts2bookmarkdemo.action.EditBookmarkAction">
			<result type="redirectAction">
				<param name="actionName">index</param>
			</result>
			<result name="input">/jsp/struts2bookmarkdemo/edit/edit.jsp
			</result>
		</action>
	</package>
	<package name="edit" extends="struts-portlet-default"
		namespace="/edit">

		<action name="index" class="struts2bookmarkdemo.action.ListBookmarksAction">
			<result name="success">/jsp/struts2bookmarkdemo/edit/index.jsp
			</result>
		</action>

		<action name="addBookmark" class="struts2bookmarkdemo.action.AddBookmarkAction">
			<result type="redirectAction">
				<param name="actionName">index</param>
			</result>
		</action>

		<action name="deleteBookmark" class="struts2bookmarkdemo.action.DeleteBookmarkAction">
			<result type="redirectAction">
				<param name="actionName">index</param>
			</result>
		</action>

		<action name="editBookmark" class="struts2bookmarkdemo.action.EditBookmarkAction">
			<result type="redirectAction">
				<param name="actionName">index</param>
			</result>
			<result name="input">/jsp/struts2bookmarkdemo/edit/edit.jsp
			</result>
		</action>

	</package>
</struts>
